{"eval_loss": 0.21697373688220978, "eval_accuracy": 0.96108, "eval_runtime": 295.2679, "eval_samples_per_second": 84.669, "eval_steps_per_second": 42.334, "epoch": 1.0}